CPF,primeiro_nome,ultimo_nome,gender,idade
53482073107,Dee,Greasley,Female,57
35101621315,Shelby,Middlehurst,Female,17
34628833159,Andy,Benfield,Female,65
49123427620,Hendrick,Frapwell,Male,99
43462822643,Ddene,Houlson,Female,95
54176794147,Marysa,Dawley,Female,52
38734549315,Merle,Amsden,Male,5
64852242709,Tripp,Castiglio,Male,36
66265702041,Kellyann,Miklem,Female,84
01602367269,Alexandre,Fittis,Male,91
44625759181,Tomasina,Steers,Female,32
67473465396,Freddie,Zettler,Female,14
11267993544,Glennis,Biggadyke,Female,39
96222450880,Shoshana,Peck,Female,75
34433277166,Zorine,Georgiev,Female,62
97725750066,Raoul,Caulder,Male,96
42230481369,Marquita,Jakel,Female,92
53983242131,Murray,Lathe,Male,64
90540947267,Bobbee,Bach,Female,91
72644632610,Belle,Burdoun,Female,86
64962455172,Kordula,Braitling,Female,31
54866293368,Patrizia,McGuiness,Female,14
20316501926,Blair,Peperell,Male,83
67786345560,Arnold,Grangier,Male,82
23444552103,Farr,Leifer,Male,22
81140323522,Sada,Partrick,Female,98
32988793978,Inessa,Abbati,Female,24
19039390896,Eleonora,Pavolillo,Female,48
26239557971,Tynan,Bridat,Male,34
24658686224,Berton,Bennetto,Male,19
17431870275,Flossie,Olivier,Female,54
13183823983,Ignatius,Ateggart,Male,87
79763819419,Freedman,Burnage,Male,62
22191459329,Georg,Swanger,Male,93
83974572770,Wenona,Sarton,Female,8
08644340024,Padraic,Blackham,Male,31
46086248254,Avie,Geraghty,Female,70
80864240004,Alain,Morrel,Male,84
45362219034,Dur,Perigeaux,Male,43
39419935310,Risa,Dingwall,Female,77
51209072401,Yulma,Sautter,Male,37
12743868991,Kaitlyn,Orwell,Female,6
01920639075,Inge,Flexman,Female,91
24386897324,Rudolfo,Fenkel,Male,19
61596110968,Dan,Cantu,Male,85
92294849129,Reggie,Wisedale,Male,99
55643847308,Barnabas,Woollam,Male,96
51777186579,Sandro,Du Hamel,Male,25
23195101169,Elset,McAlpine,Female,14
82680416421,Saunders,McDermottRow,Male,43
31508543337,Ricardo,Heather,Male,12
52204980058,Ruby,Colloff,Male,15
41601877126,Peyton,Strond,Male,98
85531923628,Marina,McNerlin,Female,22
83526423577,Lilias,Smiz,Female,72
62006030309,Bettina,Lapthorne,Female,91
58932054780,Marie,Spelwood,Female,88
48037233959,Cosette,Abramamov,Female,95
69417222111,Bonnibelle,O' Finan,Female,28
32550066704,Schuyler,Moncarr,Male,5
11163225476,Paula,Lumly,Female,29
82919424560,Avram,Belverstone,Male,58
50431706221,Eberto,Magill,Male,32
67256985747,Angie,Chettoe,Male,35
27937836285,Corty,Nardi,Male,6
33653995215,Leonhard,Patroni,Male,59
85425823503,Carny,Tesseyman,Male,5
43078166333,Karleen,MacElholm,Female,46
12333985467,Rustin,Asel,Male,21
30345303648,Logan,Stuehmeier,Male,28
14031789065,Kikelia,Viccary,Female,76
30832310674,Cyb,Penrose,Female,38
89168612468,Dalston,Lowle,Male,100
59403982813,Gustavo,Janoch,Male,21
86709043451,Nils,Lordon,Male,17
80256641102,Job,McNeice,Male,42
46845456545,Mathilda,Chesshyre,Female,54
27574821749,Madelyn,Tembey,Female,77
26524324481,Clemence,Fenney,Female,81
33050481023,Ludwig,Thurner,Male,7
93766492024,Trace,Bromhead,Male,55
14879502650,Carlyle,D'Antonio,Male,37
70260387050,Cassie,Hanington,Male,28
06428172836,Corly,Lucian,Female,4
85254979377,Abbie,Dibdin,Female,36
16728589889,Ignace,Gartell,Male,44
93812061015,Lainey,Brotherhood,Female,44
57110086978,Nobie,Zettler,Male,51
22159254027,Renault,Ditch,Male,5
66432066506,Amber,Bambridge,Female,9
21416377461,Wendel,Bernasek,Male,54
00381024382,Zaneta,Tumini,Female,78
78954917943,Kettie,Dyball,Female,55
98054867227,Tressa,Carreck,Female,87
04090191771,Gigi,Pocknoll,Female,36
41604470178,Klemens,Carnegie,Male,34
87057955799,Mirilla,Hadrill,Female,32
76243814907,Adora,Mulvin,Female,60
21819871964,Gavrielle,Motto,Female,9
01866233229,Edward,Rockcliffe,Male,97
55294796002,Cordelie,Ciani,Female,77
87720576954,Danya,Sogg,Female,49
11905722707,Rene,Exter,Male,4
16687849327,Orrin,Sweatman,Male,38
03022776953,Had,Veldstra,Male,98
14827675633,Sissie,D'Elia,Female,91
53764094684,Barbey,Govenlock,Female,97
92282254437,Haven,Attwell,Male,76
12304828694,Sadie,Suffe,Female,55
30113182187,Gnni,Dragge,Female,33
38869959043,Netty,Tomes,Female,94
18907914107,Dieter,Sibbons,Male,74
29037602305,Renard,Mateja,Male,27
04070585629,Mendel,Oldrey,Male,87
74510667440,Nerty,Quinnelly,Female,70
45464664342,Winona,Stuart,Female,85
50944150498,Bartholomeus,Woltman,Male,13
08801337902,Raimundo,Billion,Male,52
96322311209,Brynn,Windram,Female,76
89967652919,Cahra,Tatham,Female,98
42963488505,Ogdan,Strawbridge,Male,92
79209300151,Astrix,Antoni,Female,14
24790770591,Joella,Boaler,Female,7
48640804590,Sammy,Duiged,Male,18
97104163471,Borg,Erasmus,Male,99
21912056400,Avram,Osmund,Male,7
31329864153,Linoel,Looby,Male,83
96439917305,Deeyn,MacEntee,Female,25
17748732540,Shaylah,Liddington,Female,59
71401834961,Tina,Winsley,Female,40
60459336426,Abigael,Hudspeth,Female,14
49840863021,Vincenz,Dimnage,Male,19
89470290796,Mei,Gonzalo,Female,64
01635067952,Suzi,Riolfi,Female,25
64610171754,Marjorie,Dat,Female,19
55638150236,Marina,Da Costa,Female,9
82910046905,Althea,Neem,Female,71
93705208402,Brianne,Arling,Female,76
76655137544,Shoshana,Serrell,Female,83
42611790467,Gratia,Gascoigne,Female,34
40520821005,Inglebert,Durrans,Male,35
32505669865,Aaren,Tear,Female,48
54646632361,Bil,Plaice,Male,41
22314819720,Laurence,Whalebelly,Male,94
06461558362,Granthem,Holworth,Male,87
57455491392,Nevin,Gozard,Male,53
61201117680,Dell,McGroarty,Female,20
16094242344,Tracey,Kerswill,Male,99
80366338941,Morna,Jansie,Female,36
05039061444,Pauly,Huglin,Male,72
79647444203,Melisa,Smead,Female,84
90566944856,Lee,Slane,Female,64
45366402407,Conant,Barney,Male,60
18120255676,Claudelle,Slatten,Female,10
93883955714,Selia,Challener,Female,27
91107111169,Gena,Andriesse,Female,83
93402913380,Nathanil,Greene,Male,81
60897875273,Nicol,Husselbee,Male,82
77553352644,Bethanne,Casillis,Female,30
08459191417,Harwell,McGoogan,Male,6
97689470542,Decca,Blamphin,Male,66
46121162527,Romeo,Nancekivell,Male,26
67120543948,Dino,Trenbey,Male,62
52228078744,Alessandro,Ruste,Male,92
97860905869,Tann,Garton,Male,39
58896894592,Arabelle,Sibly,Female,16
72383127535,Gerhardt,Plester,Male,20
19075933926,Ricca,Brealey,Female,33
68448948550,Robby,Fishbourn,Male,97
01585031252,Fiorenze,Ogden,Female,82
60587448241,Oona,Ditts,Female,45
21139728044,Mortie,Panther,Male,78
10284487695,Selby,Berceros,Male,8
14645898267,Kellia,Bridie,Female,6
22324172228,Tiebout,Tuckley,Male,95
50575121595,Coletta,Eadmeads,Female,100
86807268207,Byrann,Bilbee,Male,82
23248508562,Karlotta,Forsey,Female,2
67676792835,Penrod,Badby,Male,6
80335882707,Thibaut,Moreland,Male,67
07346376555,Charity,Stanluck,Female,18
32290979216,Adler,Hutfield,Male,54
65919229999,Lorianna,Scotchbrook,Female,63
94742576404,Pincus,Paraman,Male,62
55655368457,Alfie,Baldocci,Female,93
35290205131,Philis,Heavens,Female,86
71546358433,Cordy,Annott,Female,53
75530690007,Gail,Etherson,Male,62
94526641215,Alejoa,Fairham,Male,83
60809920232,Becki,Cannan,Female,69
17599360018,Nerita,Elcoux,Female,90
64582457644,Kristopher,Gyford,Male,69
15234931851,Tabina,Cejka,Female,79
66362469507,Alphonse,Woodyear,Male,46
15704012739,Damon,Jacquemot,Male,45
01698834295,Gerrie,Fallon,Male,68
71230680232,Lenore,Herrema,Female,20
24477427300,Coral,Leaver,Female,93
32300114712,Shawn,Culvey,Male,20
46000480795,Philbert,Grioli,Male,18
